{"cameraMode":{"drawMode":0,"name":"Shaded","section":"Shading Mode"},"sceneLighting":true,"audioPlay":false,"sceneViewState":{"showFog":false,"showMaterialUpdate":false,"showSkybox":false,"showFlares":false,"showImageEffects":false,"showParticleSystems":false},"in2DMode":false,"pivot":{"x":1.5607330799102784,"y":-0.7843738794326782,"z":-0.6961560249328613},"rotation":{"x":-0.19822350144386292,"y":-0.5941644906997681,"z":0.15412932634353639,"w":-0.7641467452049255},"size":4.433452129364014,"orthographic":false}