{"cameraMode":{"drawMode":0,"name":"Shaded","section":"Shading Mode"},"sceneLighting":true,"audioPlay":false,"sceneViewState":{"showFog":false,"showMaterialUpdate":false,"showSkybox":false,"showFlares":false,"showImageEffects":false,"showParticleSystems":false},"in2DMode":false,"pivot":{"x":-0.05477260798215866,"y":0.11463286727666855,"z":4.18074369430542},"rotation":{"x":-0.11238527297973633,"y":0.05719923973083496,"z":-0.006480138748884201,"w":-0.9919959306716919},"size":0.01272130012512207,"orthographic":false}