{"cameraMode":{"drawMode":0,"name":"Shaded","section":"Shading Mode"},"sceneLighting":true,"audioPlay":false,"sceneViewState":{"showFog":false,"showMaterialUpdate":false,"showSkybox":false,"showFlares":false,"showImageEffects":false,"showParticleSystems":false},"in2DMode":false,"pivot":{"x":-0.022509805858135225,"y":-0.7269585728645325,"z":1.69179105758667},"rotation":{"x":-0.2146274596452713,"y":-0.0023471591994166376,"z":0.0005157699924893677,"w":-0.9766930937767029},"size":2.9334521293640138,"orthographic":false}