{"cameraMode":{"drawMode":0,"name":"Shaded","section":"Shading Mode"},"sceneLighting":true,"audioPlay":false,"sceneViewState":{"showFog":false,"showMaterialUpdate":false,"showSkybox":false,"showFlares":false,"showImageEffects":false,"showParticleSystems":false},"in2DMode":false,"pivot":{"x":6.199578285217285,"y":-3.9199514389038088,"z":-0.7149796485900879},"rotation":{"x":-0.19306102395057679,"y":-0.703840970993042,"z":0.20874126255512238,"w":-0.6509703993797302},"size":20.652742385864259,"orthographic":false}